,image_id,width,height,bbox,source
17992,8b41eb776,1024,1024,"[44.0, 186.0, 79.0, 83.0]",arvalis_1
145657,90184122e,1024,1024,"[721.0, 353.0, 144.0, 105.0]",arvalis_2
93712,a5df11e9f,1024,1024,"[901.0, 80.0, 84.0, 72.0]",ethz_1
91591,7ab4f3778,1024,1024,"[47.0, 0.0, 73.0, 77.0]",ethz_1
88952,d13ac0b3f,1024,1024,"[662.0, 476.0, 82.0, 61.0]",ethz_1
69477,f79336a8e,1024,1024,"[176.0, 832.0, 54.0, 33.0]",ethz_1
131462,31c085c60,1024,1024,"[678.0, 656.0, 87.0, 82.0]",rres_1
130558,a18ff674f,1024,1024,"[696.0, 501.0, 65.0, 98.0]",rres_1
48364,5ac7c8105,1024,1024,"[318, 726, 91, 125]",arvalis_1
130789,9bc09acf1,1024,1024,"[190.0, 526.0, 68.0, 55.0]",rres_1
84260,f7ec99608,1024,1024,"[176.0, 436.0, 70.0, 101.0]",ethz_1
47914,4fb0ce1e5,1024,1024,"[147, 955, 80, 69]",arvalis_1
78939,e99667355,1024,1024,"[81.0, 794.0, 73.0, 52.0]",ethz_1
43851,45402cfbb,1024,1024,"[395, 911, 68, 110]",arvalis_1
101122,ebaa9b7d6,1024,1024,"[567.0, 711.0, 50.0, 48.0]",ethz_1
75569,82b734b58,1024,1024,"[606.0, 604.0, 76.0, 34.0]",ethz_1
142897,5a28cf3a1,1024,1024,"[849.0, 0.0, 62.0, 129.0]",rres_1
59831,237051cce,1024,1024,"[669.0, 901.0, 76.0, 65.0]",ethz_1
32177,3712db803,1024,1024,"[541, 671, 77, 234]",arvalis_1
74432,c02bfe3f2,1024,1024,"[701.0, 937.0, 71.0, 40.0]",ethz_1
44430,8fb545c05,1024,1024,"[179, 230, 147, 195]",arvalis_1
1187,5e0a7fb4d,1024,1024,"[69.0, 1.0, 123.0, 76.0]",usask_1
135189,a024116dc,1024,1024,"[725.0, 0.0, 59.0, 46.0]",rres_1
32338,043a957ca,1024,1024,"[0, 449, 34, 74]",arvalis_1
107517,2889b72ef,1024,1024,"[220.0, 552.0, 87.0, 105.0]",arvalis_3
41727,75132304c,1024,1024,"[0, 439, 139, 63]",arvalis_1
118967,7b3a5ad53,1024,1024,"[995.0, 409.0, 29.0, 79.0]",arvalis_3
87294,1aa099fd7,1024,1024,"[434.0, 660.0, 71.0, 67.0]",ethz_1
78759,de7b4de8c,1024,1024,"[434.0, 536.0, 97.0, 124.0]",ethz_1
144747,48bdfec34,1024,1024,"[17.0, 775.0, 66.0, 103.0]",arvalis_2
114299,d63350a3d,1024,1024,"[952.0, 708.0, 72.0, 76.0]",arvalis_3
128761,07ebc6045,1024,1024,"[61.0, 966.0, 62.0, 50.0]",rres_1
53792,f1a8585e0,1024,1024,"[10.0, 56.0, 284.0, 279.0]",inrae_1
51691,890182186,1024,1024,"[288.0, 122.0, 319.0, 215.0]",inrae_1
82556,8dcecab03,1024,1024,"[950.0, 613.0, 64.0, 68.0]",ethz_1
139016,b3ea991e1,1024,1024,"[582.0, 720.0, 52.0, 53.0]",rres_1
5996,d1effa7a5,1024,1024,"[495.0, 0.0, 37.0, 33.0]",arvalis_1
59866,237051cce,1024,1024,"[2.0, 365.0, 97.0, 55.0]",ethz_1
15721,9f682802c,1024,1024,"[417.0, 24.0, 83.0, 52.0]",arvalis_1
106161,644eff133,1024,1024,"[869.0, 404.0, 78.0, 123.0]",ethz_1
43001,4341d37a9,1024,1024,"[0, 245, 37, 59]",arvalis_1
49130,dac01a162,1024,1024,"[401.0, 175.0, 86.0, 93.0]",arvalis_1
32543,c5c9bdea8,1024,1024,"[764, 921, 36, 63]",arvalis_1
65861,abb037b27,1024,1024,"[598.0, 677.0, 105.0, 82.0]",ethz_1
23854,9983d297c,1024,1024,"[768.0, 676.0, 61.0, 72.0]",arvalis_1
142121,7e73872ad,1024,1024,"[598.0, 195.0, 75.0, 142.0]",rres_1
105759,0bff84dd0,1024,1024,"[987.0, 856.0, 37.0, 27.0]",ethz_1
33828,9858d67dc,1024,1024,"[764, 736, 243, 113]",arvalis_1
16823,967c63659,1024,1024,"[553.0, 789.0, 70.0, 77.0]",arvalis_1
137872,08a65db34,1024,1024,"[365.0, 144.0, 52.0, 94.0]",rres_1
73651,b0a8fcaf8,1024,1024,"[647.0, 743.0, 104.0, 56.0]",ethz_1
85084,16daa81b4,1024,1024,"[687.0, 1008.0, 86.0, 16.0]",ethz_1
61639,e84e8709a,1024,1024,"[74.0, 689.0, 118.0, 45.0]",ethz_1
114538,e1258e054,1024,1024,"[343.0, 627.0, 105.0, 123.0]",arvalis_3
145848,c8237c2e6,1024,1024,"[947.0, 916.0, 77.0, 102.0]",arvalis_2
71993,64c39c542,1024,1024,"[155.0, 689.0, 103.0, 55.0]",ethz_1
67236,b74131d1f,1024,1024,"[670.0, 558.0, 47.0, 55.0]",ethz_1
19793,38565f9b9,1024,1024,"[0.0, 399.0, 77.0, 102.0]",arvalis_1
95113,875f97516,1024,1024,"[692.0, 802.0, 71.0, 36.0]",ethz_1
101332,1fab6aa6b,1024,1024,"[520.0, 338.0, 75.0, 93.0]",ethz_1
4031,13a368f78,1024,1024,"[720.0, 504.0, 99.0, 67.0]",usask_1
141519,be29a83ad,1024,1024,"[611.0, 24.0, 70.0, 59.0]",rres_1
45783,0b9624bd4,1024,1024,"[799, 219, 37, 79]",arvalis_1
133804,c4ffde64b,1024,1024,"[249.0, 75.0, 124.0, 75.0]",rres_1
129438,e84d2bbd1,1024,1024,"[766.0, 168.0, 73.0, 74.0]",rres_1
3369,a90446700,1024,1024,"[768.0, 990.0, 89.0, 34.0]",usask_1
2877,4d60c73db,1024,1024,"[672.0, 475.0, 124.0, 118.0]",usask_1
112327,131708dfd,1024,1024,"[857.0, 814.0, 156.0, 66.0]",arvalis_3
29290,c78072dbe,1024,1024,"[557, 280, 63, 100]",arvalis_1
86946,6c7a6f8b8,1024,1024,"[756.0, 376.0, 48.0, 62.0]",ethz_1
145688,5f9151e33,1024,1024,"[532.0, 94.0, 210.0, 105.0]",arvalis_2
11065,f72cabcea,1024,1024,"[772.0, 846.0, 79.0, 38.0]",arvalis_1
50164,7ebf61d5a,1024,1024,"[150, 280, 62, 68]",arvalis_1
7492,0b5b60131,1024,1024,"[679.0, 124.0, 42.0, 31.0]",arvalis_1
20348,4db6e2e94,1024,1024,"[73.0, 178.0, 103.0, 56.0]",arvalis_1
100673,ca4769387,1024,1024,"[959.0, 294.0, 63.0, 59.0]",ethz_1
57445,3d9302a17,1024,1024,"[0.0, 683.0, 49.0, 70.0]",ethz_1
75022,7bca11467,1024,1024,"[241.0, 863.0, 141.0, 42.0]",ethz_1
4662,3ba04140c,1024,1024,"[494.0, 426.0, 48.0, 58.0]",usask_1
86750,b5487f037,1024,1024,"[557.0, 512.0, 38.0, 79.0]",ethz_1
107279,c9ade75be,1024,1024,"[350.0, 760.0, 72.0, 54.0]",arvalis_3
93141,9f1d83913,1024,1024,"[154.0, 988.0, 87.0, 33.0]",ethz_1
43965,03cae970d,1024,1024,"[11, 305, 71, 83]",arvalis_1
69737,27e4c01d7,1024,1024,"[232.0, 503.0, 53.0, 59.0]",ethz_1
23948,e6e15309d,1024,1024,"[271.0, 105.0, 97.0, 91.0]",arvalis_1
3299,0a4408b37,1024,1024,"[286.0, 181.0, 93.0, 114.0]",usask_1
125911,70bc24fa2,1024,1024,"[253.0, 575.0, 95.0, 76.0]",rres_1
130655,d36c62b8a,1024,1024,"[571.0, 506.0, 93.0, 95.0]",rres_1
43312,35d6a4509,1024,1024,"[304.0, 934.0, 99.0, 65.0]",arvalis_1
84400,fabd1d799,1024,1024,"[164.0, 691.0, 76.0, 44.0]",ethz_1
25887,b18b34ed2,1024,1024,"[265.0, 60.0, 65.0, 64.0]",arvalis_1
29316,c78072dbe,1024,1024,"[743, 597, 59, 57]",arvalis_1
39077,80111be66,1024,1024,"[60, 610, 156, 120]",arvalis_1
35127,46930c2f2,1024,1024,"[109, 409, 87, 144]",arvalis_1
86786,b5487f037,1024,1024,"[32.0, 463.0, 90.0, 90.0]",ethz_1
141931,4a44720ca,1024,1024,"[42.0, 777.0, 79.0, 92.0]",rres_1
105881,f4f62f0f8,1024,1024,"[849.0, 396.0, 43.0, 90.0]",ethz_1
69783,27e4c01d7,1024,1024,"[962.0, 174.0, 47.0, 28.0]",ethz_1
31746,793ef2974,1024,1024,"[410, 442, 122, 73]",arvalis_1
7074,f43b1b260,1024,1024,"[602, 952, 37, 72]",arvalis_1
29583,9e15ceea4,1024,1024,"[515, 728, 55, 50]",arvalis_1
92716,4688d25ab,1024,1024,"[522.0, 432.0, 35.0, 74.0]",ethz_1
135423,833577238,1024,1024,"[647.0, 365.0, 68.0, 100.0]",rres_1
7443,348f3c34b,1024,1024,"[109, 634, 62, 72]",arvalis_1
38777,894baab2e,1024,1024,"[936, 363, 53, 52]",arvalis_1
89098,b69255534,1024,1024,"[607.0, 60.0, 77.0, 41.0]",ethz_1
82274,900d273d2,1024,1024,"[393.0, 36.0, 85.0, 87.0]",ethz_1
54769,1a394df35,1024,1024,"[378.0, 455.0, 93.0, 73.0]",inrae_1
103652,40b8f078e,1024,1024,"[582.0, 266.0, 47.0, 78.0]",ethz_1
123247,5e182e37e,1024,1024,"[716.0, 714.0, 80.0, 100.0]",arvalis_3
140359,96b19d664,1024,1024,"[636.0, 428.0, 86.0, 124.0]",rres_1
103200,8dd8f0ca6,1024,1024,"[178.0, 180.0, 49.0, 81.0]",ethz_1
75628,690c7d8f0,1024,1024,"[669.0, 940.0, 58.0, 38.0]",ethz_1
137300,df1ba5253,1024,1024,"[1.0, 499.0, 81.0, 89.0]",rres_1
111309,bf90bf2ec,1024,1024,"[724.0, 796.0, 153.0, 64.0]",arvalis_3
95169,b59778e6b,1024,1024,"[0.0, 232.0, 50.0, 87.0]",ethz_1
16037,7f1833df2,1024,1024,"[245.0, 638.0, 66.0, 53.0]",arvalis_1
14378,ecb47fac5,1024,1024,"[560.0, 601.0, 55.0, 36.0]",arvalis_1
43626,56ace8298,1024,1024,"[929, 927, 83, 55]",arvalis_1
12353,80ea429bf,1024,1024,"[341.0, 675.0, 55.0, 72.0]",arvalis_1
71232,fcaaff29d,1024,1024,"[0.0, 273.0, 69.0, 49.0]",ethz_1
86860,29b48c0a7,1024,1024,"[966.0, 334.0, 52.0, 64.0]",ethz_1
68589,5d3b4d154,1024,1024,"[78.0, 1.0, 93.0, 73.0]",ethz_1
36110,4285f0271,1024,1024,"[176, 246, 44, 69]",arvalis_1
128394,6895c563e,1024,1024,"[168.0, 460.0, 77.0, 76.0]",rres_1
58245,5aa3b67b7,1024,1024,"[9.0, 676.0, 127.0, 47.0]",ethz_1
145016,528621931,1024,1024,"[894.0, 406.0, 109.0, 82.0]",arvalis_2
56354,6f1e9046d,1024,1024,"[398.0, 451.0, 126.0, 55.0]",ethz_1
79585,186c66a2c,1024,1024,"[929.0, 84.0, 60.0, 67.0]",ethz_1
67704,ba586e514,1024,1024,"[520.0, 546.0, 51.0, 43.0]",ethz_1
121020,2d06b68f0,1024,1024,"[0.0, 676.0, 56.0, 105.0]",arvalis_3
75887,f070c6f18,1024,1024,"[122.0, 0.0, 60.0, 42.0]",ethz_1
55485,824121036,1024,1024,"[570.0, 506.0, 148.0, 98.0]",ethz_1
57006,190f2ca1d,1024,1024,"[169.0, 775.0, 80.0, 33.0]",ethz_1
1930,695ae4a12,1024,1024,"[648.0, 174.0, 74.0, 85.0]",usask_1
50069,e5f11f689,1024,1024,"[449, 654, 98, 90]",arvalis_1
92084,2d65f77fb,1024,1024,"[861.0, 270.0, 68.0, 78.0]",ethz_1
21514,7a0fe3392,1024,1024,"[491.0, 860.0, 50.0, 45.0]",arvalis_1
15075,7b9dfab15,1024,1024,"[380.0, 901.0, 52.0, 48.0]",arvalis_1
144755,48bdfec34,1024,1024,"[195.0, 404.0, 86.0, 111.0]",arvalis_2
53124,c2fd0893f,1024,1024,"[783.0, 268.0, 141.0, 128.0]",inrae_1
124361,18df0fea9,1024,1024,"[983.0, 887.0, 41.0, 67.0]",rres_1
7834,11f24467f,1024,1024,"[161.0, 426.0, 73.0, 53.0]",arvalis_1
12072,77d1a2316,1024,1024,"[694.0, 0.0, 52.0, 34.0]",arvalis_1
137990,f2c0e95ec,1024,1024,"[838.0, 507.0, 63.0, 68.0]",rres_1
100500,49a9d29b6,1024,1024,"[873.0, 446.0, 52.0, 86.0]",ethz_1
119593,0d7268752,1024,1024,"[166.0, 435.0, 84.0, 125.0]",arvalis_3
60523,7220f6fa6,1024,1024,"[954.0, 818.0, 70.0, 50.0]",ethz_1
55974,7ea965d99,1024,1024,"[309.0, 948.0, 68.0, 31.0]",ethz_1
89742,7087bc3b2,1024,1024,"[774.0, 850.0, 30.0, 60.0]",ethz_1
41580,4b83b6541,1024,1024,"[324, 907, 44, 65]",arvalis_1
73911,b7341c950,1024,1024,"[104.0, 0.0, 113.0, 90.0]",ethz_1
146847,031ed396f,1024,1024,"[832.0, 606.0, 143.0, 77.0]",arvalis_2
46101,6f10a6f8f,1024,1024,"[2, 614, 94, 77]",arvalis_1
65571,511dfeca3,1024,1024,"[121.0, 740.0, 86.0, 60.0]",ethz_1
19846,613df3c8e,1024,1024,"[432.0, 460.0, 94.0, 77.0]",arvalis_1
73152,e1c0e82fd,1024,1024,"[0.0, 199.0, 97.0, 65.0]",ethz_1
13801,2443092e6,1024,1024,"[407.0, 967.0, 67.0, 57.0]",arvalis_1
59295,077ba8cca,1024,1024,"[324.0, 329.0, 71.0, 31.0]",ethz_1
67036,b20d35e4d,1024,1024,"[656.0, 248.0, 118.0, 63.0]",ethz_1
35530,d2ae1e503,1024,1024,"[130, 73, 77, 60]",arvalis_1
1141,029c79463,1024,1024,"[500.0, 851.0, 77.0, 62.0]",usask_1
76782,edf1fad26,1024,1024,"[461.0, 46.0, 70.0, 49.0]",ethz_1
106996,9bccf7e53,1024,1024,"[419.0, 2.0, 98.0, 95.0]",arvalis_3
101691,465a8a521,1024,1024,"[404.0, 0.0, 39.0, 31.0]",ethz_1
13199,d8ea34c21,1024,1024,"[647.0, 728.0, 96.0, 70.0]",arvalis_1
116486,3bf5b5ee1,1024,1024,"[819.0, 279.0, 74.0, 74.0]",arvalis_3
28210,5d6ce1c78,1024,1024,"[492.0, 571.0, 91.0, 120.0]",arvalis_1
35274,2d990708e,1024,1024,"[570, 979, 98, 45]",arvalis_1
28168,fe5c215e2,1024,1024,"[34.0, 718.0, 70.0, 97.0]",arvalis_1
126423,e5c0a16c5,1024,1024,"[157.0, 146.0, 63.0, 81.0]",rres_1
54014,29f09fa58,1024,1024,"[81.0, 453.0, 108.0, 102.0]",inrae_1
130347,c223249af,1024,1024,"[389.0, 639.0, 62.0, 100.0]",rres_1
126179,13d56dca0,1024,1024,"[997.0, 0.0, 27.0, 29.0]",rres_1
5365,ee91a1343,1024,1024,"[828.0, 709.0, 160.0, 116.0]",usask_1
46581,66d517e44,1024,1024,"[424, 684, 172, 108]",arvalis_1
8500,7be932521,1024,1024,"[0.0, 455.0, 127.0, 61.0]",arvalis_1
32661,acb011afd,1024,1024,"[921, 220, 66, 79]",arvalis_1
9434,9d8a3a164,1024,1024,"[604.0, 2.0, 99.0, 41.0]",arvalis_1
113172,a90339a28,1024,1024,"[25.0, 176.0, 77.0, 72.0]",arvalis_3
111342,bf90bf2ec,1024,1024,"[883.0, 215.0, 141.0, 87.0]",arvalis_3
147792,5e0747034,1024,1024,"[875.0, 740.0, 94.0, 61.0]",arvalis_2
14336,d03bcfba1,1024,1024,"[518.0, 982.0, 99.0, 42.0]",arvalis_1
132262,399fce7aa,1024,1024,"[869.0, 707.0, 70.0, 109.0]",rres_1
14599,7939edac8,1024,1024,"[601.0, 950.0, 118.0, 48.0]",arvalis_1
79708,958c0ad3d,1024,1024,"[679.0, 595.0, 80.0, 106.0]",ethz_1
105089,5d6935f10,1024,1024,"[644.0, 174.0, 35.0, 71.0]",ethz_1
84841,94ea18562,1024,1024,"[0.0, 28.0, 54.0, 104.0]",ethz_1
44995,df0be3f16,1024,1024,"[104, 943, 102, 71]",arvalis_1
49938,ddee53d7c,1024,1024,"[166, 653, 74, 90]",arvalis_1
92782,a7e9ac14b,1024,1024,"[0.0, 805.0, 53.0, 37.0]",ethz_1
17460,65cb7e88b,1024,1024,"[687.0, 178.0, 70.0, 80.0]",arvalis_1
107523,2889b72ef,1024,1024,"[732.0, 368.0, 64.0, 69.0]",arvalis_3
75462,c08aa4a62,1024,1024,"[886.0, 484.0, 45.0, 59.0]",ethz_1
89592,035bdc07a,1024,1024,"[408.0, 537.0, 53.0, 41.0]",ethz_1
47330,f7d780303,1024,1024,"[257, 53, 136, 120]",arvalis_1
54422,d5943ea17,1024,1024,"[831.0, 624.0, 136.0, 222.0]",inrae_1
74156,fb2eae229,1024,1024,"[834.0, 344.0, 61.0, 76.0]",ethz_1
131415,91c7fb84e,1024,1024,"[455.0, 418.0, 57.0, 62.0]",rres_1
122731,382bf4ed7,1024,1024,"[925.0, 676.0, 98.0, 97.0]",arvalis_3
30991,4aa477af5,1024,1024,"[9, 262, 111, 126]",arvalis_1
139886,0f4911203,1024,1024,"[891.0, 976.0, 116.0, 48.0]",rres_1
137353,0c264c98e,1024,1024,"[993.0, 89.0, 31.0, 68.0]",rres_1
111187,a127f3085,1024,1024,"[934.0, 762.0, 90.0, 62.0]",arvalis_3
30060,b1990fa45,1024,1024,"[942, 366, 82, 54]",arvalis_1
40561,19b035d25,1024,1024,"[225, 448, 76, 115]",arvalis_1
111913,4be2817ef,1024,1024,"[747.0, 716.0, 110.0, 69.0]",arvalis_3
115948,7767b2fe0,1024,1024,"[166.0, 716.0, 64.0, 103.0]",arvalis_3
110931,3ef86180e,1024,1024,"[709.0, 568.0, 102.0, 97.0]",arvalis_3
125632,3e0213b6f,1024,1024,"[539.0, 482.0, 64.0, 44.0]",rres_1
130045,4b4f6de9b,1024,1024,"[653.0, 868.0, 98.0, 92.0]",rres_1
109448,a1fcb07dd,1024,1024,"[885.0, 764.0, 60.0, 61.0]",arvalis_3
120684,d8cae4d1b,1024,1024,"[737.0, 294.0, 66.0, 141.0]",arvalis_3
144424,79adcb57c,1024,1024,"[170.0, 178.0, 48.0, 62.0]",arvalis_2
44467,7538c9a97,1024,1024,"[846.0, 354.0, 120.0, 88.0]",arvalis_1
18874,570ca24af,1024,1024,"[683.0, 773.0, 119.0, 162.0]",arvalis_1
122478,93aff3b78,1024,1024,"[742.0, 158.0, 115.0, 74.0]",arvalis_3
133765,773c33268,1024,1024,"[0.0, 563.0, 39.0, 55.0]",rres_1
12203,a06241eb3,1024,1024,"[311.0, 777.0, 59.0, 63.0]",arvalis_1
12181,a06241eb3,1024,1024,"[92.0, 384.0, 52.0, 65.0]",arvalis_1
27325,a9b3451c9,1024,1024,"[284.0, 841.0, 38.0, 40.0]",arvalis_1
72408,7eb1333b8,1024,1024,"[0.0, 454.0, 38.0, 34.0]",ethz_1
19224,a897f8dc8,1024,1024,"[949.0, 869.0, 75.0, 91.0]",arvalis_1
142372,dd5dd0234,1024,1024,"[844.0, 109.0, 71.0, 87.0]",rres_1
147106,da3cfa3d4,1024,1024,"[736.0, 916.0, 99.0, 100.0]",arvalis_2
146614,b72ba28ed,1024,1024,"[125.0, 752.0, 136.0, 151.0]",arvalis_2
41029,00e903abe,1024,1024,"[163, 367, 102, 105]",arvalis_1
8554,4a609f334,1024,1024,"[911.0, 218.0, 93.0, 23.0]",arvalis_1
75295,4cd4207d8,1024,1024,"[664.0, 495.0, 81.0, 83.0]",ethz_1
137566,8d0b36c74,1024,1024,"[865.0, 854.0, 62.0, 78.0]",rres_1
2566,713c56d36,1024,1024,"[365.0, 777.0, 201.0, 201.0]",usask_1
23375,15c21964a,1024,1024,"[612.0, 908.0, 157.0, 116.0]",arvalis_1
113888,81eb8a758,1024,1024,"[179.0, 48.0, 77.0, 156.0]",arvalis_3
17201,8d066eb98,1024,1024,"[124.0, 334.0, 86.0, 53.0]",arvalis_1
86157,94b3764f6,1024,1024,"[858.0, 0.0, 51.0, 20.0]",ethz_1
49380,474a83c68,1024,1024,"[342, 50, 67, 115]",arvalis_1
46897,ac9e20f82,1024,1024,"[275, 304, 74, 48]",arvalis_1
50224,dc50efc2c,1024,1024,"[216, 732, 49, 55]",arvalis_1
91510,d0a00b792,1024,1024,"[33.0, 770.0, 107.0, 36.0]",ethz_1
129922,30e5213ff,1024,1024,"[182.0, 272.0, 55.0, 70.0]",rres_1
1862,01f37f1d3,1024,1024,"[683.0, 474.0, 42.0, 36.0]",usask_1
95608,2e71d8f9c,1024,1024,"[12.0, 846.0, 74.0, 75.0]",ethz_1
61097,866a328af,1024,1024,"[686.0, 644.0, 44.0, 51.0]",ethz_1
129434,e84d2bbd1,1024,1024,"[451.0, 258.0, 67.0, 109.0]",rres_1
63190,0cbe3f32c,1024,1024,"[984.0, 883.0, 40.0, 60.0]",ethz_1
112362,408013a9d,1024,1024,"[872.0, 446.0, 127.0, 89.0]",arvalis_3
116028,ce9534fc2,1024,1024,"[115.0, 506.0, 110.0, 118.0]",arvalis_3
44906,2f53b1a20,1024,1024,"[819, 351, 113, 87]",arvalis_1
27050,9790095bb,1024,1024,"[681.0, 838.0, 122.0, 95.0]",arvalis_1
73093,bfaa92629,1024,1024,"[521.0, 2.0, 87.0, 98.0]",ethz_1
31149,fe6e2ecbc,1024,1024,"[131, 714, 75, 82]",arvalis_1
84961,37073b5c1,1024,1024,"[32.0, 92.0, 147.0, 91.0]",ethz_1
42964,e6af2a27e,1024,1024,"[675, 241, 178, 114]",arvalis_1
113177,a90339a28,1024,1024,"[202.0, 230.0, 77.0, 54.0]",arvalis_3
56364,6f1e9046d,1024,1024,"[748.0, 872.0, 106.0, 116.0]",ethz_1
66767,3c2b5bd45,1024,1024,"[167.0, 720.0, 110.0, 44.0]",ethz_1
133312,c7532e8e6,1024,1024,"[467.0, 602.0, 98.0, 72.0]",rres_1
138621,5baa23af0,1024,1024,"[488.0, 305.0, 90.0, 72.0]",rres_1
68599,5d3b4d154,1024,1024,"[0.0, 954.0, 84.0, 40.0]",ethz_1
107257,c9ade75be,1024,1024,"[133.0, 732.0, 74.0, 51.0]",arvalis_3
38369,116a6fceb,1024,1024,"[609, 740, 126, 171]",arvalis_1
95201,b59778e6b,1024,1024,"[935.0, 125.0, 61.0, 49.0]",ethz_1
105404,036cbd683,1024,1024,"[787.0, 199.0, 51.0, 84.0]",ethz_1
63689,afb240f5a,1024,1024,"[251.0, 237.0, 87.0, 70.0]",ethz_1
40573,19b035d25,1024,1024,"[346, 844, 159, 69]",arvalis_1
50022,1f7600e2c,1024,1024,"[310, 39, 86, 87]",arvalis_1
59315,077ba8cca,1024,1024,"[110.0, 836.0, 78.0, 42.0]",ethz_1
30107,b0a22c629,1024,1024,"[724, 721, 59, 74]",arvalis_1
94534,5ba57fd72,1024,1024,"[951.0, 768.0, 40.0, 54.0]",ethz_1
109934,57c1475d8,1024,1024,"[655.0, 28.0, 74.0, 115.0]",arvalis_3
67794,8c8ab21bc,1024,1024,"[42.0, 584.0, 109.0, 95.0]",ethz_1
37775,14e9933bb,1024,1024,"[3, 611, 77, 108]",arvalis_1
88498,0ee812df9,1024,1024,"[529.0, 293.0, 80.0, 44.0]",ethz_1
129811,a965d4117,1024,1024,"[489.0, 823.0, 64.0, 91.0]",rres_1
79455,e2a3ba358,1024,1024,"[905.0, 1.0, 48.0, 54.0]",ethz_1
6828,69913c545,1024,1024,"[511.0, 590.0, 63.0, 52.0]",arvalis_1
63155,d25b61e9f,1024,1024,"[147.0, 0.0, 155.0, 76.0]",ethz_1
33073,57570effa,1024,1024,"[829, 646, 77, 76]",arvalis_1
84405,fabd1d799,1024,1024,"[0.0, 757.0, 16.0, 49.0]",ethz_1
63288,73ebe3acc,1024,1024,"[921.0, 742.0, 78.0, 41.0]",ethz_1
9555,24dda66d6,1024,1024,"[718.0, 815.0, 60.0, 56.0]",arvalis_1
117207,af9b3c251,1024,1024,"[798.0, 284.0, 98.0, 46.0]",arvalis_3
85658,20331cd3a,1024,1024,"[14.0, 807.0, 94.0, 48.0]",ethz_1
27766,9adca8ff8,1024,1024,"[0.0, 326.0, 112.0, 136.0]",arvalis_1
58788,a28d1eb6d,1024,1024,"[768.0, 602.0, 75.0, 34.0]",ethz_1
4909,2cc952ee8,1024,1024,"[717.0, 359.0, 82.0, 86.0]",usask_1
116859,16501f9a1,1024,1024,"[566.0, 615.0, 151.0, 87.0]",arvalis_3
76564,9e50af3ab,1024,1024,"[412.0, 19.0, 74.0, 53.0]",ethz_1
7113,86a279fe3,1024,1024,"[195.0, 673.0, 78.0, 51.0]",arvalis_1
68182,251ed33a8,1024,1024,"[21.0, 38.0, 162.0, 101.0]",ethz_1
98636,b8402b0ce,1024,1024,"[75.0, 832.0, 87.0, 80.0]",ethz_1
98006,d6d7c33f9,1024,1024,"[494.0, 873.0, 79.0, 143.0]",ethz_1
36342,ea74ca09f,1024,1024,"[73, 27, 136, 68]",arvalis_1
49827,0e8557b27,1024,1024,"[945, 659, 79, 61]",arvalis_1
146358,0a73f8a0f,1024,1024,"[688.0, 235.0, 108.0, 87.0]",arvalis_2
104720,4b0b5b4bd,1024,1024,"[318.0, 0.0, 82.0, 92.0]",ethz_1
97622,e90129be4,1024,1024,"[561.0, 43.0, 37.0, 53.0]",ethz_1
44759,5f3d068f1,1024,1024,"[669, 281, 53, 110]",arvalis_1
129638,ae876f3ef,1024,1024,"[307.0, 618.0, 101.0, 81.0]",rres_1
116590,64ee2e175,1024,1024,"[427.0, 747.0, 72.0, 118.0]",arvalis_3
62816,0a7338e6f,1024,1024,"[45.0, 513.0, 107.0, 63.0]",ethz_1
20309,fa55f0519,1024,1024,"[735.0, 871.0, 80.0, 56.0]",arvalis_1
29704,f3089a3f2,1024,1024,"[649, 142, 53, 88]",arvalis_1
9363,a7c24c3a8,1024,1024,"[160.0, 204.0, 49.0, 68.0]",arvalis_1
40505,6bb270e8d,1024,1024,"[613, 243, 100, 47]",arvalis_1
86154,94b3764f6,1024,1024,"[928.0, 591.0, 82.0, 51.0]",ethz_1
98732,9c05c8d56,1024,1024,"[823.0, 277.0, 28.0, 73.0]",ethz_1
120335,625311180,1024,1024,"[739.0, 778.0, 172.0, 97.0]",arvalis_3
33058,57570effa,1024,1024,"[445, 325, 71, 66]",arvalis_1
45311,5a5fff341,1024,1024,"[931, 73, 93, 138]",arvalis_1
138780,7e18f16b8,1024,1024,"[853.0, 156.0, 171.0, 74.0]",rres_1
80100,99d221ffe,1024,1024,"[659.0, 103.0, 37.0, 70.0]",ethz_1
132647,bfe0b9132,1024,1024,"[548.0, 167.0, 82.0, 94.0]",rres_1
20627,9071d1211,1024,1024,"[825.0, 703.0, 59.0, 78.0]",arvalis_1
48748,2c28cb6dd,1024,1024,"[188, 247, 152, 87]",arvalis_1
137961,f2c0e95ec,1024,1024,"[873.0, 478.0, 51.0, 75.0]",rres_1
15281,f9b999e9c,1024,1024,"[381, 438, 63, 50]",arvalis_1
84050,19f4faf0f,1024,1024,"[64.0, 492.0, 123.0, 28.0]",ethz_1
52797,f005a8ebe,1024,1024,"[51.0, 389.0, 225.0, 155.0]",inrae_1
147192,655ef2d6b,1024,1024,"[921.0, 517.0, 103.0, 76.0]",arvalis_2
7485,348f3c34b,1024,1024,"[345, 941, 99, 36]",arvalis_1
112421,bfbe6654b,1024,1024,"[550.0, 186.0, 77.0, 256.0]",arvalis_3
114380,49c3e4f6e,1024,1024,"[212.0, 409.0, 177.0, 92.0]",arvalis_3
109462,13358081a,1024,1024,"[898.0, 38.0, 82.0, 118.0]",arvalis_3
31253,9a34996be,1024,1024,"[176, 278, 60, 74]",arvalis_1
84840,94ea18562,1024,1024,"[0.0, 256.0, 92.0, 59.0]",ethz_1
6576,34c5e70d5,1024,1024,"[586.0, 359.0, 75.0, 54.0]",arvalis_1
140129,12a15fe77,1024,1024,"[97.0, 130.0, 53.0, 69.0]",rres_1
125717,ccf2bea3e,1024,1024,"[472.0, 451.0, 67.0, 72.0]",rres_1
127747,f91e92fd4,1024,1024,"[754.0, 553.0, 76.0, 90.0]",rres_1
98197,86e843e5e,1024,1024,"[797.0, 708.0, 37.0, 75.0]",ethz_1
8375,5df7b74dd,1024,1024,"[804.0, 350.0, 86.0, 50.0]",arvalis_1
82946,d1931b6bd,1024,1024,"[197.0, 876.0, 132.0, 50.0]",ethz_1
115360,0dc9eb168,1024,1024,"[175.0, 0.0, 107.0, 24.0]",arvalis_3
107336,77222a135,1024,1024,"[609.0, 209.0, 189.0, 77.0]",arvalis_3
106432,f1e0fb4d4,1024,1024,"[322.0, 804.0, 63.0, 103.0]",ethz_1
62728,e2523989d,1024,1024,"[141.0, 446.0, 95.0, 31.0]",ethz_1
82542,279a356f8,1024,1024,"[381.0, 927.0, 133.0, 51.0]",ethz_1
110071,3738685a3,1024,1024,"[924.0, 768.0, 76.0, 97.0]",arvalis_3
127913,1734d7a9f,1024,1024,"[898.0, 692.0, 76.0, 62.0]",rres_1
89653,c9a573b93,1024,1024,"[820.0, 687.0, 134.0, 51.0]",ethz_1
118900,69662aa1c,1024,1024,"[668.0, 312.0, 94.0, 61.0]",arvalis_3
125546,32494cc53,1024,1024,"[642.0, 998.0, 46.0, 26.0]",rres_1
53281,505dfa497,1024,1024,"[216.0, 903.0, 140.0, 61.0]",inrae_1
100347,c94e8a60c,1024,1024,"[790.0, 301.0, 52.0, 60.0]",ethz_1
29745,f3089a3f2,1024,1024,"[571, 769, 34, 28]",arvalis_1
34500,647cf0c68,1024,1024,"[573, 773, 114, 157]",arvalis_1
114850,e290bc809,1024,1024,"[914.0, 330.0, 64.0, 87.0]",arvalis_3
72291,4cb33fd6e,1024,1024,"[559.0, 462.0, 63.0, 97.0]",ethz_1
1348,999d9d27d,1024,1024,"[0.0, 914.0, 84.0, 47.0]",usask_1
82657,50c47d6b5,1024,1024,"[170.0, 503.0, 53.0, 59.0]",ethz_1
37358,cf3a2a32d,1024,1024,"[72, 108, 72, 83]",arvalis_1
44366,f98dd1c09,1024,1024,"[150, 199, 84, 112]",arvalis_1
86727,b5487f037,1024,1024,"[468.0, 800.0, 127.0, 62.0]",ethz_1
120743,d8cae4d1b,1024,1024,"[422.0, 186.0, 261.0, 116.0]",arvalis_3
27783,9adca8ff8,1024,1024,"[475.0, 932.0, 59.0, 92.0]",arvalis_1
32364,043a957ca,1024,1024,"[513, 638, 62, 44]",arvalis_1
24749,ae5132628,1024,1024,"[387.0, 187.0, 56.0, 124.0]",arvalis_1
49392,b48a55da3,1024,1024,"[2, 960, 83, 64]",arvalis_1
98301,a519e5a11,1024,1024,"[0.0, 963.0, 46.0, 52.0]",ethz_1
21515,7a0fe3392,1024,1024,"[460.0, 862.0, 70.0, 75.0]",arvalis_1
117422,80f1cb7ee,1024,1024,"[765.0, 263.0, 138.0, 51.0]",arvalis_3
53070,4d12fea62,1024,1024,"[897.0, 860.0, 120.0, 111.0]",inrae_1
27641,3684c0fae,1024,1024,"[134.0, 290.0, 86.0, 95.0]",arvalis_1
2680,19ecc4446,1024,1024,"[809.0, 595.0, 129.0, 74.0]",usask_1
99588,70083c73e,1024,1024,"[940.0, 776.0, 59.0, 92.0]",ethz_1
39570,1f2b1a759,1024,1024,"[510, 214, 91, 81]",arvalis_1
38289,a20b36593,1024,1024,"[228, 155, 73, 85]",arvalis_1
130704,c7c9b4e72,1024,1024,"[21.0, 808.0, 150.0, 69.0]",rres_1
28469,d058ee2e2,1024,1024,"[713.0, 534.0, 61.0, 47.0]",arvalis_1
118851,fcb0f108a,1024,1024,"[957.0, 442.0, 60.0, 62.0]",arvalis_3
59779,b70d3e890,1024,1024,"[41.0, 0.0, 110.0, 25.0]",ethz_1
78429,02d662fa8,1024,1024,"[734.0, 823.0, 61.0, 30.0]",ethz_1
29746,f3089a3f2,1024,1024,"[198, 202, 49, 62]",arvalis_1
119318,f20ba2db5,1024,1024,"[440.0, 192.0, 59.0, 58.0]",arvalis_3
57153,2752325a7,1024,1024,"[114.0, 147.0, 99.0, 51.0]",ethz_1
111277,f02cb9a6a,1024,1024,"[834.0, 0.0, 101.0, 67.0]",arvalis_3
33655,344bdc291,1024,1024,"[958, 5, 66, 124]",arvalis_1
120903,f85244c49,1024,1024,"[253.0, 524.0, 84.0, 52.0]",arvalis_3
11337,f4faff69b,1024,1024,"[112.0, 0.0, 98.0, 36.0]",arvalis_1
69376,ce803c694,1024,1024,"[71.0, 991.0, 87.0, 32.0]",ethz_1
62552,95027fbd4,1024,1024,"[353.0, 435.0, 114.0, 55.0]",ethz_1
25576,a94964eda,1024,1024,"[780.0, 582.0, 58.0, 49.0]",arvalis_1
112316,131708dfd,1024,1024,"[458.0, 440.0, 243.0, 102.0]",arvalis_3
90246,d006084f3,1024,1024,"[608.0, 544.0, 77.0, 69.0]",ethz_1
26473,6c9cf179f,1024,1024,"[31.0, 614.0, 134.0, 73.0]",arvalis_1
8134,0980aa079,1024,1024,"[810.0, 972.0, 56.0, 52.0]",arvalis_1
75867,f070c6f18,1024,1024,"[906.0, 501.0, 118.0, 46.0]",ethz_1
115690,2e0c19135,1024,1024,"[683.0, 808.0, 69.0, 108.0]",arvalis_3
64529,e88d43ec5,1024,1024,"[278.0, 202.0, 100.0, 53.0]",ethz_1
53653,5e7aab7a2,1024,1024,"[911.0, 693.0, 85.0, 130.0]",inrae_1
101699,465a8a521,1024,1024,"[609.0, 101.0, 84.0, 53.0]",ethz_1
143765,ff86547fb,1024,1024,"[512.0, 358.0, 122.0, 123.0]",arvalis_2
142015,23e3b5130,1024,1024,"[966.0, 750.0, 58.0, 65.0]",rres_1
18473,148075f03,1024,1024,"[619.0, 959.0, 106.0, 65.0]",arvalis_1
75118,a099be857,1024,1024,"[0.0, 324.0, 46.0, 50.0]",ethz_1
21830,ef1f73253,1024,1024,"[326.0, 604.0, 79.0, 47.0]",arvalis_1
141869,eea7d700c,1024,1024,"[388.0, 7.0, 105.0, 101.0]",rres_1
77848,5b558a4c7,1024,1024,"[887.0, 948.0, 42.0, 27.0]",ethz_1
6661,00ea5e5ee,1024,1024,"[406.0, 782.0, 78.0, 81.0]",arvalis_1
24238,8b342101d,1024,1024,"[326.0, 530.0, 103.0, 93.0]",arvalis_1
31658,ab2dc3037,1024,1024,"[775, 568, 77, 68]",arvalis_1
130645,d36c62b8a,1024,1024,"[209.0, 901.0, 72.0, 123.0]",rres_1
102205,fade0e053,1024,1024,"[825.0, 768.0, 52.0, 68.0]",ethz_1
59949,d83e84d60,1024,1024,"[0.0, 214.0, 35.0, 29.0]",ethz_1
143539,ec3d2ced1,1024,1024,"[290.0, 498.0, 67.0, 65.0]",rres_1
84915,408eff4a9,1024,1024,"[647.0, 86.0, 54.0, 40.0]",ethz_1
50539,9b4ad2587,1024,1024,"[544, 371, 99, 61]",arvalis_1
59886,237051cce,1024,1024,"[892.0, 92.0, 37.0, 75.0]",ethz_1
6470,f6181ac93,1024,1024,"[0.0, 320.0, 77.0, 58.0]",arvalis_1
61541,901a650fb,1024,1024,"[883.0, 84.0, 63.0, 38.0]",ethz_1
50781,a3b44bbfc,1024,1024,"[519, 116, 117, 117]",arvalis_1
70135,b88fcdafb,1024,1024,"[895.0, 219.0, 73.0, 87.0]",ethz_1
8240,b2de96e22,1024,1024,"[283.0, 665.0, 97.0, 68.0]",arvalis_1
33287,48269749e,1024,1024,"[470, 13, 87, 87]",arvalis_1
38413,f9c2e040c,1024,1024,"[134, 664, 174, 116]",arvalis_1
16434,70b693efe,1024,1024,"[722.0, 221.0, 132.0, 62.0]",arvalis_1
22657,a0c25ba9c,1024,1024,"[979.0, 617.0, 45.0, 66.0]",arvalis_1
99458,4b869fa1c,1024,1024,"[853.0, 937.0, 46.0, 85.0]",ethz_1
17644,073d83544,1024,1024,"[681.0, 912.0, 76.0, 86.0]",arvalis_1
60645,d5af3d5a4,1024,1024,"[678.0, 65.0, 134.0, 78.0]",ethz_1
56225,48fe9c634,1024,1024,"[722.0, 58.0, 71.0, 47.0]",ethz_1
52146,c5ef2f9d2,1024,1024,"[808.0, 235.0, 98.0, 159.0]",inrae_1
105915,f4f62f0f8,1024,1024,"[0.0, 546.0, 54.0, 46.0]",ethz_1
85299,ffaa964a2,1024,1024,"[125.0, 821.0, 77.0, 71.0]",ethz_1
106791,7d0d1f2f4,1024,1024,"[636.0, 302.0, 93.0, 169.0]",arvalis_3
30083,b0a22c629,1024,1024,"[630, 0, 83, 56]",arvalis_1
101946,722b46d6b,1024,1024,"[0.0, 0.0, 30.0, 27.0]",ethz_1
133983,b4661eb6f,1024,1024,"[444.0, 905.0, 121.0, 77.0]",rres_1
51260,a1092f6d4,1024,1024,"[204, 0, 68, 124]",arvalis_1
98105,9d0eb23a0,1024,1024,"[45.0, 560.0, 78.0, 83.0]",ethz_1
4474,4b4639da9,1024,1024,"[465.0, 111.0, 81.0, 225.0]",usask_1
21602,e92e52948,1024,1024,"[784.0, 227.0, 44.0, 56.0]",arvalis_1
22005,029e03e52,1024,1024,"[335.0, 384.0, 76.0, 64.0]",arvalis_1
27809,9ad34dab3,1024,1024,"[891.0, 840.0, 46.0, 43.0]",arvalis_1
109266,b0caf416d,1024,1024,"[241.0, 761.0, 38.0, 62.0]",arvalis_3
17091,483f5b46c,1024,1024,"[550.0, 186.0, 118.0, 61.0]",arvalis_1
115757,ccfff0629,1024,1024,"[163.0, 499.0, 62.0, 59.0]",arvalis_3
85696,d73cee5d1,1024,1024,"[120.0, 811.0, 79.0, 48.0]",ethz_1
33535,8b963f326,1024,1024,"[797, 732, 96, 81]",arvalis_1
6004,f121ee695,1024,1024,"[744, 466, 83, 89]",arvalis_1
12717,48a50a1fd,1024,1024,"[598.0, 65.0, 66.0, 56.0]",arvalis_1
91091,8d2a27ac7,1024,1024,"[486.0, 248.0, 56.0, 44.0]",ethz_1
55503,824121036,1024,1024,"[0.0, 554.0, 54.0, 41.0]",ethz_1
131302,f8d155138,1024,1024,"[849.0, 505.0, 60.0, 70.0]",rres_1
115983,7c2780e55,1024,1024,"[519.0, 599.0, 110.0, 76.0]",arvalis_3
94877,371f6d5b0,1024,1024,"[173.0, 935.0, 83.0, 87.0]",ethz_1
140559,4e9096ca9,1024,1024,"[871.0, 499.0, 84.0, 77.0]",rres_1
82810,8417e5762,1024,1024,"[222.0, 27.0, 87.0, 49.0]",ethz_1
75742,afd82a1d7,1024,1024,"[478.0, 554.0, 127.0, 50.0]",ethz_1
57494,1ecb85340,1024,1024,"[389.0, 583.0, 97.69999999999999, 38.60000000000002]",ethz_1
29471,7fd1d7a57,1024,1024,"[370.0, 234.0, 95.0, 114.0]",arvalis_1
138440,0e86615d0,1024,1024,"[149.0, 447.0, 88.0, 83.0]",rres_1
99612,70083c73e,1024,1024,"[614.0, 0.0, 39.0, 42.0]",ethz_1
109436,30bbd3d87,1024,1024,"[815.0, 606.0, 40.0, 65.0]",arvalis_3
27584,83521e96e,1024,1024,"[440.0, 328.0, 79.0, 50.0]",arvalis_1
132561,f0508910d,1024,1024,"[82.0, 147.0, 61.0, 67.0]",rres_1
94536,5ba57fd72,1024,1024,"[622.0, 299.0, 26.0, 97.0]",ethz_1
67010,598e8cea3,1024,1024,"[123.0, 362.0, 48.0, 38.0]",ethz_1
105862,f4f62f0f8,1024,1024,"[531.0, 720.0, 54.0, 96.0]",ethz_1
5796,5a9be233e,1024,1024,"[839.0, 918.0, 185.0, 106.0]",usask_1
144155,f05647ed3,1024,1024,"[964.0, 347.0, 52.0, 112.0]",arvalis_2
632,531acb360,1024,1024,"[806.0, 863.0, 102.0, 74.0]",usask_1
8419,5df7b74dd,1024,1024,"[299.0, 766.0, 94.0, 44.0]",arvalis_1
76384,b9d5a380d,1024,1024,"[546.0, 985.0, 110.0, 36.0]",ethz_1
112704,8f3e2b4e8,1024,1024,"[867.0, 286.0, 113.0, 46.0]",arvalis_3
12583,be9f01839,1024,1024,"[478.0, 384.0, 92.0, 93.0]",arvalis_1
36625,58ac1a399,1024,1024,"[0, 711, 86, 87]",arvalis_1
106866,f7fceadee,1024,1024,"[64.0, 71.0, 130.0, 105.0]",arvalis_3
17341,595a30abe,1024,1024,"[957.0, 894.0, 67.0, 119.0]",arvalis_1
23219,39ad9affa,1024,1024,"[376.0, 891.0, 83.0, 71.0]",arvalis_1
140600,4ffeedce2,1024,1024,"[690.0, 985.0, 58.0, 39.0]",rres_1
20894,3ff643a64,1024,1024,"[582.0, 437.0, 95.0, 152.0]",arvalis_1
28106,33b939a6a,1024,1024,"[97.0, 963.0, 84.0, 55.0]",arvalis_1
29226,f6a861545,1024,1024,"[619, 988, 40, 36]",arvalis_1
120848,f85244c49,1024,1024,"[432.0, 565.0, 151.0, 95.0]",arvalis_3
46579,66d517e44,1024,1024,"[171, 887, 60, 134]",arvalis_1
88547,f01ed3f24,1024,1024,"[74.0, 171.0, 86.0, 42.0]",ethz_1
119327,f20ba2db5,1024,1024,"[135.0, 128.0, 210.0, 179.0]",arvalis_3
143103,e089dca60,1024,1024,"[352.0, 880.0, 89.0, 78.0]",rres_1
120780,9c01f3217,1024,1024,"[852.0, 947.0, 69.0, 71.0]",arvalis_3
54742,29ffadaf3,1024,1024,"[377.0, 770.0, 94.0, 87.0]",inrae_1
127088,f74ede365,1024,1024,"[416.0, 264.0, 55.0, 73.0]",rres_1
61963,967ff723d,1024,1024,"[901.0, 521.0, 84.0, 40.0]",ethz_1
16772,967c63659,1024,1024,"[126.0, 516.0, 97.0, 56.0]",arvalis_1
69083,b79a35c8d,1024,1024,"[477.0, 255.0, 66.0, 52.0]",ethz_1
137386,4532a128a,1024,1024,"[676.0, 295.0, 105.0, 85.0]",rres_1
114304,49476a3c4,1024,1024,"[687.0, 865.0, 102.0, 90.0]",arvalis_3
66255,9f63a1b8f,1024,1024,"[226.0, 708.0, 133.0, 47.0]",ethz_1
49496,655c1ffdd,1024,1024,"[833, 982, 51, 42]",arvalis_1
23069,a0f951ca5,1024,1024,"[837.0, 51.0, 91.0, 40.0]",arvalis_1
6667,144d57df8,1024,1024,"[949.0, 167.0, 75.0, 72.0]",arvalis_1
48828,a8cd65e4f,1024,1024,"[445, 784, 87, 199]",arvalis_1
144935,6a614e72e,1024,1024,"[555.0, 583.0, 76.0, 121.0]",arvalis_2
98622,74068babf,1024,1024,"[57.0, 712.0, 175.0, 56.0]",ethz_1
90061,af35871fc,1024,1024,"[357.0, 25.0, 45.0, 135.0]",ethz_1
131116,bc49e2888,1024,1024,"[0.0, 404.0, 51.0, 73.0]",rres_1
65131,f27d2e19c,1024,1024,"[215.0, 386.0, 127.0, 64.0]",ethz_1
68274,0877092cc,1024,1024,"[891.0, 434.0, 133.0, 77.0]",ethz_1
63351,f1144b38d,1024,1024,"[331.0, 904.0, 93.0, 35.0]",ethz_1
59752,b70d3e890,1024,1024,"[126.0, 741.0, 118.0, 56.0]",ethz_1
14199,3c0d9abaa,1024,1024,"[493.0, 217.0, 39.0, 75.0]",arvalis_1
98968,1b352d5fe,1024,1024,"[976.0, 931.0, 48.0, 61.0]",ethz_1
32116,f04a71a47,1024,1024,"[157, 669, 76, 102]",arvalis_1
57598,fda2b546f,1024,1024,"[648.0, 623.0, 97.0, 47.0]",ethz_1
107491,2889b72ef,1024,1024,"[552.0, 624.0, 93.0, 95.0]",arvalis_3
73035,f4a36a6fd,1024,1024,"[718.0, 464.0, 50.0, 52.0]",ethz_1
79677,ea3537563,1024,1024,"[409.0, 0.0, 53.0, 30.0]",ethz_1
9750,d7612c04a,1024,1024,"[580.0, 568.0, 64.0, 60.0]",arvalis_1
86574,d9c104dce,1024,1024,"[836.0, 118.0, 102.0, 88.0]",ethz_1
104656,233494bf0,1024,1024,"[75.0, 944.0, 45.0, 80.0]",ethz_1
85993,58b3d8b22,1024,1024,"[236.0, 672.0, 73.0, 49.0]",ethz_1
94853,42099cf54,1024,1024,"[845.0, 48.0, 97.0, 60.0]",ethz_1
36013,43f9b9fc5,1024,1024,"[523, 937, 65, 87]",arvalis_1
81321,897b97c11,1024,1024,"[0.0, 957.0, 72.0, 60.0]",ethz_1
3171,91fefb8e4,1024,1024,"[329.0, 816.0, 105.0, 71.0]",usask_1
91910,fcbc77665,1024,1024,"[832.0, 193.0, 37.0, 48.0]",ethz_1
139021,b3ea991e1,1024,1024,"[958.0, 227.0, 65.0, 55.0]",rres_1
99028,70aff3f9e,1024,1024,"[102.0, 689.0, 53.0, 63.0]",ethz_1
101476,77311ad58,1024,1024,"[531.0, 883.0, 56.0, 97.0]",ethz_1
135318,8f507b3f7,1024,1024,"[769.0, 660.0, 79.0, 71.0]",rres_1
5648,a6a921e82,1024,1024,"[338.0, 441.0, 59.0, 158.0]",usask_1
110418,8a7324c84,1024,1024,"[601.0, 215.0, 90.0, 84.0]",arvalis_3
12680,e6f19d1d7,1024,1024,"[253.0, 903.0, 113.0, 45.0]",arvalis_1
13917,099c4c2b9,1024,1024,"[4.0, 186.0, 78.0, 60.0]",arvalis_1
135311,8f507b3f7,1024,1024,"[23.0, 579.0, 64.0, 54.0]",rres_1
60969,a5a10c597,1024,1024,"[909.0, 260.0, 46.0, 64.0]",ethz_1
65235,90a725e8b,1024,1024,"[602.0, 673.0, 61.0, 61.0]",ethz_1
14240,36fb90706,1024,1024,"[434.0, 953.0, 104.0, 66.0]",arvalis_1
6013,f121ee695,1024,1024,"[271, 757, 165, 105]",arvalis_1
29054,7ff95f9ec,1024,1024,"[406, 263, 75, 89]",arvalis_1
106942,0b7712f7a,1024,1024,"[23.0, 760.0, 51.0, 69.0]",arvalis_3
69272,c0217fd95,1024,1024,"[915.0, 893.0, 87.0, 42.0]",ethz_1
126261,4cdcd49d4,1024,1024,"[389.0, 420.0, 62.0, 92.0]",rres_1
77880,8bad19780,1024,1024,"[275.0, 953.0, 43.0, 71.0]",ethz_1
118416,bfcaa59eb,1024,1024,"[12.0, 50.0, 81.0, 55.0]",arvalis_3
105535,32f716667,1024,1024,"[972.0, 464.0, 52.0, 76.0]",ethz_1
131359,8200547cf,1024,1024,"[675.0, 657.0, 61.0, 57.0]",rres_1
90227,9aa0487b0,1024,1024,"[1002.0, 484.0, 22.0, 65.0]",ethz_1
25264,f1ecbf9d4,1024,1024,"[960.0, 830.0, 63.0, 66.0]",arvalis_1
64944,92f5a5ad3,1024,1024,"[565.0, 0.0, 63.0, 31.0]",ethz_1
112442,2c5b2cd57,1024,1024,"[442.0, 788.0, 110.0, 59.0]",arvalis_3
96015,aa4ec63aa,1024,1024,"[817.0, 980.0, 24.0, 44.0]",ethz_1
126250,4cdcd49d4,1024,1024,"[317.0, 190.0, 60.0, 61.0]",rres_1
127606,94265d02a,1024,1024,"[852.0, 274.0, 112.0, 71.0]",rres_1
142387,04f906b5d,1024,1024,"[704.0, 22.0, 61.0, 68.0]",rres_1
34480,647cf0c68,1024,1024,"[241, 465, 158, 156]",arvalis_1
88379,614b1d8c5,1024,1024,"[698.0, 365.0, 58.0, 53.0]",ethz_1
68517,57a0bb1bd,1024,1024,"[0.0, 634.0, 22.0, 50.0]",ethz_1
75567,82b734b58,1024,1024,"[552.0, 940.0, 78.0, 70.0]",ethz_1
47413,33f469471,1024,1024,"[11, 897, 62, 106]",arvalis_1
22966,79a1d0dad,1024,1024,"[215.0, 191.0, 75.0, 82.0]",arvalis_1
89798,de6f7f6c1,1024,1024,"[99.0, 598.0, 126.0, 69.0]",ethz_1
59971,8d318219c,1024,1024,"[389.0, 357.0, 90.0, 70.0]",ethz_1
132336,f1016e0ea,1024,1024,"[347.0, 954.0, 62.0, 70.0]",rres_1
10863,a245ab7f9,1024,1024,"[0.0, 163.0, 88.0, 71.0]",arvalis_1
4430,169be79d1,1024,1024,"[285.0, 739.0, 62.0, 93.0]",usask_1
51937,a4cc2650d,1024,1024,"[253.0, 2.0, 77.0, 56.0]",inrae_1
86766,b5487f037,1024,1024,"[0.0, 1008.0, 15.0, 16.0]",ethz_1
73362,e5b2763a1,1024,1024,"[10.0, 606.0, 115.0, 84.0]",ethz_1
86354,2ae1f9d88,1024,1024,"[451.0, 77.0, 85.0, 80.0]",ethz_1
142482,3ab9d0640,1024,1024,"[541.0, 575.0, 90.0, 73.0]",rres_1
127373,b838eaf1d,1024,1024,"[705.0, 174.0, 44.0, 97.0]",rres_1
83952,3d5f3124e,1024,1024,"[846.0, 40.0, 60.0, 65.0]",ethz_1
58027,2c4db1d53,1024,1024,"[214.0, 785.0, 166.0, 48.0]",ethz_1
1750,48c72c991,1024,1024,"[537.0, 734.0, 66.0, 131.0]",usask_1
144691,afb9f53cd,1024,1024,"[153.0, 222.0, 100.0, 91.0]",arvalis_2
34934,24fb4b33d,1024,1024,"[126, 604, 133, 75]",arvalis_1
87681,767e515ec,1024,1024,"[320.0, 966.0, 109.0, 54.0]",ethz_1
68764,fe125f8a6,1024,1024,"[277.0, 292.0, 69.0, 47.0]",ethz_1
140408,810aba893,1024,1024,"[827.0, 937.0, 66.0, 57.0]",rres_1
9368,a7c24c3a8,1024,1024,"[88.0, 538.0, 64.0, 57.0]",arvalis_1
83178,efffe90b4,1024,1024,"[613.0, 600.0, 66.0, 59.0]",ethz_1
56870,4d0e29915,1024,1024,"[263.0, 320.0, 112.0, 164.0]",ethz_1
75861,f070c6f18,1024,1024,"[466.0, 117.0, 152.0, 50.0]",ethz_1
126120,13d56dca0,1024,1024,"[912.0, 884.0, 94.0, 69.0]",rres_1
85797,a17a4335c,1024,1024,"[712.6, 105.9, 104.39999999999998, 76.1]",ethz_1
108478,48fbd2ed7,1024,1024,"[901.0, 92.0, 74.0, 125.0]",arvalis_3
35887,9d78cb5d0,1024,1024,"[369, 0, 159, 199]",arvalis_1
9697,546a0e9fc,1024,1024,"[925.0, 848.0, 98.0, 71.0]",arvalis_1
137969,f2c0e95ec,1024,1024,"[416.0, 152.0, 69.0, 61.0]",rres_1
28478,a555ed46d,1024,1024,"[549.0, 116.0, 56.0, 71.0]",arvalis_1
129737,7cca42bf6,1024,1024,"[769.0, 589.0, 52.0, 47.0]",rres_1
42872,63c658201,1024,1024,"[252, 569, 98, 66]",arvalis_1
121252,bd68a3064,1024,1024,"[931.0, 43.0, 36.0, 102.0]",arvalis_3
67819,8c8ab21bc,1024,1024,"[800.0, 0.0, 34.0, 39.0]",ethz_1
15499,29f8a1f30,1024,1024,"[690.0, 967.0, 68.0, 57.0]",arvalis_1
109412,9ea2ef32b,1024,1024,"[911.0, 698.0, 54.0, 54.0]",arvalis_3
135197,a024116dc,1024,1024,"[868.0, 926.0, 81.0, 93.0]",rres_1
52661,a88470ebd,1024,1024,"[455.0, 604.0, 167.0, 225.0]",inrae_1
74004,0a3cb453f,1024,1024,"[513.0, 704.0, 50.0, 114.0]",ethz_1
144092,227971e53,1024,1024,"[0.0, 138.0, 66.0, 84.0]",arvalis_2
52149,c5ef2f9d2,1024,1024,"[145.0, 30.0, 118.0, 213.0]",inrae_1
116220,cd243b0b0,1024,1024,"[919.0, 273.0, 94.0, 85.0]",arvalis_3
146,91c9d9c38,1024,1024,"[41.0, 428.0, 92.0, 112.0]",usask_1
92396,8fb3138d9,1024,1024,"[38.0, 274.0, 149.0, 134.0]",ethz_1
144182,b7d03627f,1024,1024,"[115.0, 102.0, 117.0, 123.0]",arvalis_2
98360,6651c6f2f,1024,1024,"[15.0, 356.0, 116.0, 101.0]",ethz_1
24925,ccd16cf61,1024,1024,"[228.0, 496.0, 67.0, 60.0]",arvalis_1
77739,c2b54f1fe,1024,1024,"[342.0, 180.0, 114.0, 75.0]",ethz_1
136517,f54dedb60,1024,1024,"[0.0, 837.0, 65.0, 74.0]",rres_1
79870,23a4b904a,1024,1024,"[223.0, 421.0, 52.0, 91.0]",ethz_1
82750,d705ca450,1024,1024,"[884.0, 34.0, 30.0, 80.0]",ethz_1
46149,a13c89a7f,1024,1024,"[240, 135, 161, 110]",arvalis_1
1575,33d37a437,1024,1024,"[574.0, 407.0, 211.0, 143.0]",usask_1
4390,5a155e612,1024,1024,"[302.0, 299.0, 112.0, 82.0]",usask_1
72955,c39699dba,1024,1024,"[437.0, 860.0, 86.0, 74.0]",ethz_1
2982,1a13195b8,1024,1024,"[675.0, 821.0, 85.0, 114.0]",usask_1
51722,fb9e42d30,1024,1024,"[0.0, 771.0, 52.0, 109.0]",inrae_1
77692,8b91f99a6,1024,1024,"[0.0, 270.0, 68.0, 116.0]",ethz_1
50349,1c6e42234,1024,1024,"[0, 217, 32, 75]",arvalis_1
109658,f52ca5892,1024,1024,"[794.0, 924.0, 69.0, 70.0]",arvalis_3
47241,f995095e2,1024,1024,"[933, 344, 71, 44]",arvalis_1
11118,d5ac4c940,1024,1024,"[940.0, 122.0, 84.0, 40.0]",arvalis_1
88834,4972999e9,1024,1024,"[435.0, 234.0, 61.0, 75.0]",ethz_1
85769,a17a4335c,1024,1024,"[0.0, 477.0, 40.0, 36.0]",ethz_1
31912,a750327c3,1024,1024,"[376, 265, 78, 73]",arvalis_1
108177,b0daf69ce,1024,1024,"[583.0, 581.0, 90.0, 146.0]",arvalis_3
144591,6e43d71ec,1024,1024,"[322.0, 297.0, 88.0, 75.0]",arvalis_2
88961,d13ac0b3f,1024,1024,"[203.0, 27.0, 67.0, 46.0]",ethz_1
114773,45a203e70,1024,1024,"[820.0, 583.0, 133.0, 95.0]",arvalis_3
36547,ec40e9764,1024,1024,"[502.0, 126.0, 65.0, 60.0]",arvalis_1
51595,2bd2f0714,1024,1024,"[422.0, 601.0, 173.0, 225.0]",inrae_1
104977,c6357c9d8,1024,1024,"[412.0, 565.0, 79.0, 66.0]",ethz_1
75800,499bf6abd,1024,1024,"[809.0, 664.0, 32.0, 52.0]",ethz_1
8618,31b58b813,1024,1024,"[73.0, 912.0, 75.0, 60.0]",arvalis_1
65163,f27d2e19c,1024,1024,"[2.0, 23.0, 84.0, 108.0]",ethz_1
48808,a8cd65e4f,1024,1024,"[86, 308, 48, 68]",arvalis_1
114070,93be53f09,1024,1024,"[673.0, 719.0, 156.0, 174.0]",arvalis_3
73145,bfaa92629,1024,1024,"[299.0, 506.0, 80.0, 56.0]",ethz_1
82513,279a356f8,1024,1024,"[486.0, 299.0, 69.0, 27.0]",ethz_1
136359,1a94773a1,1024,1024,"[69.0, 474.0, 71.0, 84.0]",rres_1
84765,0df7f89c3,1024,1024,"[377.0, 66.0, 148.0, 111.0]",ethz_1
56258,48fe9c634,1024,1024,"[12.0, 96.0, 120.0, 43.0]",ethz_1
87991,25cd221bb,1024,1024,"[83.0, 302.0, 89.0, 48.0]",ethz_1
87652,767e515ec,1024,1024,"[17.0, 300.0, 63.0, 53.0]",ethz_1
86355,2ae1f9d88,1024,1024,"[346.0, 360.0, 48.0, 81.0]",ethz_1
65403,2d72a5f04,1024,1024,"[322.0, 126.0, 94.0, 162.0]",ethz_1
56464,e16a9d55e,1024,1024,"[821.0, 589.0, 131.0, 47.0]",ethz_1
145381,1b99d2fd6,1024,1024,"[161.0, 453.0, 112.0, 125.0]",arvalis_2
125629,3e0213b6f,1024,1024,"[466.0, 580.0, 68.0, 96.0]",rres_1
50958,f1a038768,1024,1024,"[248, 568, 77, 55]",arvalis_1
19352,06a78c36e,1024,1024,"[68.0, 583.0, 76.0, 67.0]",arvalis_1
5968,d1effa7a5,1024,1024,"[90.0, 433.0, 97.0, 109.0]",arvalis_1
27726,8c627af48,1024,1024,"[862.0, 793.0, 75.0, 86.0]",arvalis_1
31465,69809f5c0,1024,1024,"[670, 963, 63, 61]",arvalis_1
134291,787d3091c,1024,1024,"[676.0, 872.0, 112.0, 106.0]",rres_1
8502,7be932521,1024,1024,"[83.0, 523.0, 65.0, 55.0]",arvalis_1
33697,0d4128a74,1024,1024,"[444, 364, 74, 78]",arvalis_1
129496,4eb442168,1024,1024,"[288.0, 26.0, 95.0, 63.0]",rres_1
7392,14d2b1c3a,1024,1024,"[966.0, 898.0, 58.0, 100.0]",arvalis_1
5735,80d651f47,1024,1024,"[53.0, 758.0, 151.0, 80.0]",usask_1
24922,ccd16cf61,1024,1024,"[298.0, 378.0, 91.0, 51.0]",arvalis_1
80959,34f7f196b,1024,1024,"[141.0, 240.0, 197.0, 64.0]",ethz_1
52834,849061b2b,1024,1024,"[637.0, 921.0, 135.0, 103.0]",inrae_1
105908,f4f62f0f8,1024,1024,"[113.0, 888.0, 110.0, 40.0]",ethz_1
30345,23eb6b3d5,1024,1024,"[275, 292, 69, 67]",arvalis_1
46352,4e652f7f1,1024,1024,"[254, 56, 57, 60]",arvalis_1
55957,7ea965d99,1024,1024,"[619.0, 117.0, 78.0, 27.0]",ethz_1
135841,c8927c5e1,1024,1024,"[758.0, 11.0, 59.0, 59.0]",rres_1
96522,94f338c6d,1024,1024,"[119.0, 369.0, 85.0, 60.0]",ethz_1
141755,277fff409,1024,1024,"[882.0, 538.0, 83.0, 80.0]",rres_1
121733,c45841e26,1024,1024,"[890.0, 46.0, 100.0, 38.0]",arvalis_3
56934,190f2ca1d,1024,1024,"[685.0, 128.0, 89.0, 71.0]",ethz_1
124919,c022ddc42,1024,1024,"[383.0, 270.0, 94.0, 141.0]",rres_1
6823,69913c545,1024,1024,"[286.0, 589.0, 73.0, 39.0]",arvalis_1
124315,56105ed87,1024,1024,"[890.0, 578.0, 28.0, 36.0]",rres_1
58301,8d4ad2942,1024,1024,"[62.0, 599.0, 123.0, 35.0]",ethz_1
75223,f78c551de,1024,1024,"[26.0, 931.0, 112.0, 60.0]",ethz_1
29406,4cf91995d,1024,1024,"[840, 978, 91, 46]",arvalis_1
19580,7d6074b93,1024,1024,"[593.0, 53.0, 64.0, 71.0]",arvalis_1
55191,027086635,1024,1024,"[263.0, 642.0, 82.0, 92.0]",inrae_1
27078,9790095bb,1024,1024,"[553.0, 363.0, 71.0, 59.0]",arvalis_1
2666,311a6b1e4,1024,1024,"[804.0, 432.0, 61.0, 77.0]",usask_1
5293,bd5cb3bc5,1024,1024,"[473.0, 3.0, 187.0, 207.0]",usask_1
48337,526a2a9ef,1024,1024,"[686, 716, 67, 85]",arvalis_1
121833,3782f5786,1024,1024,"[696.0, 97.0, 107.0, 82.0]",arvalis_3
89275,ad6eaaf54,1024,1024,"[569.0, 722.0, 109.0, 34.0]",ethz_1
100532,49a9d29b6,1024,1024,"[0.0, 430.0, 20.0, 54.0]",ethz_1
106203,644eff133,1024,1024,"[195.0, 0.0, 31.0, 70.0]",ethz_1
11482,ad94558cf,1024,1024,"[836.0, 631.0, 87.0, 55.0]",arvalis_1
100657,1b43ca0a6,1024,1024,"[136.0, 569.0, 62.0, 43.0]",ethz_1
69384,ce803c694,1024,1024,"[0.0, 513.0, 51.0, 46.0]",ethz_1
46801,3b6147f4c,1024,1024,"[516, 58, 94, 61]",arvalis_1
93601,352e238a9,1024,1024,"[221.0, 741.0, 95.0, 23.0]",ethz_1
99988,c31bf0e39,1024,1024,"[23.0, 540.0, 72.0, 92.0]",ethz_1
95043,f0665430d,1024,1024,"[218.0, 400.0, 53.0, 28.0]",ethz_1
103607,901ee2848,1024,1024,"[244.0, 166.0, 39.0, 104.0]",ethz_1
18495,6811a6ee9,1024,1024,"[746.0, 0.0, 81.0, 46.0]",arvalis_1
121382,7c6e9829c,1024,1024,"[94.0, 53.0, 103.0, 79.0]",arvalis_3
5277,bd5cb3bc5,1024,1024,"[121.0, 30.0, 103.0, 96.0]",usask_1
27363,e5e1f2c65,1024,1024,"[116.0, 253.0, 92.0, 65.0]",arvalis_1
119187,8ba166588,1024,1024,"[698.0, 279.0, 134.0, 130.0]",arvalis_3
125874,217c8fd61,1024,1024,"[479.0, 41.0, 83.0, 82.0]",rres_1
122080,636069d07,1024,1024,"[670.0, 148.0, 108.0, 79.0]",arvalis_3
7706,74aa7fe9d,1024,1024,"[201.0, 23.0, 86.0, 46.0]",arvalis_1
137051,6a7cbd408,1024,1024,"[754.0, 573.0, 71.0, 60.0]",rres_1
142254,229716799,1024,1024,"[237.0, 81.0, 73.0, 92.0]",rres_1
133907,b899eec9f,1024,1024,"[206.0, 483.0, 83.0, 80.0]",rres_1
138461,ab23f5b74,1024,1024,"[279.0, 288.0, 82.0, 56.0]",rres_1
104283,5f76c9a35,1024,1024,"[342.0, 471.0, 56.0, 105.0]",ethz_1
94238,4a44057d7,1024,1024,"[906.0, 40.0, 45.0, 80.0]",ethz_1
136777,3f6898489,1024,1024,"[213.0, 815.0, 76.0, 75.0]",rres_1
27769,9adca8ff8,1024,1024,"[550.0, 355.0, 43.0, 51.0]",arvalis_1
45160,e4ba46588,1024,1024,"[861, 581, 65, 123]",arvalis_1
78735,19c242397,1024,1024,"[626.0, 222.0, 77.0, 89.0]",ethz_1
119699,834690a35,1024,1024,"[755.0, 499.0, 56.0, 84.0]",arvalis_3
137432,89fe13786,1024,1024,"[128.0, 696.0, 74.0, 65.0]",rres_1
71316,12786fe3b,1024,1024,"[102.0, 607.0, 95.0, 61.0]",ethz_1
138331,7f01525b1,1024,1024,"[722.0, 786.0, 75.0, 56.0]",rres_1
10738,b95fd89e3,1024,1024,"[25.0, 156.0, 113.0, 61.0]",arvalis_1
106855,f7fceadee,1024,1024,"[849.0, 378.0, 90.0, 82.0]",arvalis_3
66691,060fd0cd8,1024,1024,"[246.0, 354.0, 122.0, 49.0]",ethz_1
46564,66d517e44,1024,1024,"[258, 4, 180, 89]",arvalis_1
110895,eef9bcaf5,1024,1024,"[847.0, 156.0, 100.0, 102.0]",arvalis_3
30355,23eb6b3d5,1024,1024,"[713, 650, 80, 70]",arvalis_1
56193,bb9be63d1,1024,1024,"[136.0, 785.0, 86.0, 17.0]",ethz_1
39634,8e2f178d1,1024,1024,"[747, 777, 171, 81]",arvalis_1
125136,3ae057d35,1024,1024,"[562.0, 462.0, 77.0, 59.0]",rres_1
134764,8d4f8b1cc,1024,1024,"[483.0, 0.0, 110.0, 64.0]",rres_1
99450,4b869fa1c,1024,1024,"[46.0, 935.0, 75.0, 87.0]",ethz_1
90634,73ed5eb37,1024,1024,"[5.0, 811.0, 188.0, 102.0]",ethz_1
143398,a44b0ece4,1024,1024,"[408.0, 144.0, 62.0, 85.0]",rres_1
46204,38dc44b85,1024,1024,"[805, 45, 108, 164]",arvalis_1
23482,ecad4b636,1024,1024,"[183.0, 145.0, 150.0, 101.0]",arvalis_1
124559,42f5fe6a5,1024,1024,"[0.0, 134.0, 38.0, 66.0]",rres_1
101301,17f1fa29e,1024,1024,"[80.0, 637.0, 86.0, 103.0]",ethz_1
138434,0e86615d0,1024,1024,"[263.0, 69.0, 100.0, 94.0]",rres_1
137491,8764d55c1,1024,1024,"[61.0, 47.0, 77.0, 148.0]",rres_1
92545,34f2e3b92,1024,1024,"[146.0, 393.0, 60.0, 24.0]",ethz_1
119128,b75c3bb71,1024,1024,"[25.0, 770.0, 72.0, 126.0]",arvalis_3
70653,69041dcff,1024,1024,"[618.0, 409.0, 42.0, 77.0]",ethz_1
89895,4e3d5f72f,1024,1024,"[659.0, 259.0, 98.0, 60.0]",ethz_1
111244,f02cb9a6a,1024,1024,"[481.0, 734.0, 82.0, 67.0]",arvalis_3
38966,80dbba8a7,1024,1024,"[236, 848, 118, 73]",arvalis_1
9111,1dbd065ce,1024,1024,"[870.0, 534.0, 93.0, 126.0]",arvalis_1
64228,76be097e9,1024,1024,"[819.0, 158.0, 136.0, 68.0]",ethz_1
100309,c94e8a60c,1024,1024,"[903.0, 760.0, 104.0, 83.0]",ethz_1
68859,a0b9b2399,1024,1024,"[222.0, 610.0, 93.0, 43.0]",ethz_1
